financials.Segment,Sum(financials.COGS),,Sum(financials. Sales),Sum(financials.Discounts)
Channel Partners,483790.5,NaN,1800593.6399999997,134568.36000000004
Enterprise,20226240,NaN,19611694.375,1457305.625
Government,41116087.5,NaN,52504260.67000005,3898805.8299999973
Midmarket,1721780,NaN,2381883.0749999997,200786.92500000002
Small Business,38284750,NaN,42427918.5,3513781.5