financials.Country,Sum(financials. Sales),Sum(financials.Profit),
United States of America,25029830.165000007,2995540.664999999,"25029830.165000007,0,25029830.165000007"
Canada,24887654.88499999,3529228.8850000016,"24887654.88499999,25029830.165000007,49917485.05"
France,24354172.28000001,3781020.7800000003,"24354172.28000001,49917485.05,74271657.33000001"
Germany,23505340.820000004,3680388.8200000008,"23505340.820000004,74271657.33000001,97776998.15000002"
Mexico,20949352.109999992,2907523.11,"20949352.109999992,97776998.15000002,118726350.26000002"