financials.Country,Sum(financials. Sales),Sum(financials.COGS),Sum(financials.Profit),
Canada,24887654.88499999,21358426,3529228.8850000016,"3529228.8850000016,2995540.664999999,6524769.550000001"
France,24354172.28000001,20573151.5,3781020.7800000003,"3781020.7800000003,6524769.550000001,10305790.330000002"
Germany,23505340.820000004,19824952,3680388.8200000008,"3680388.8200000008,10305790.330000002,13986179.150000002"
Mexico,20949352.109999992,18041829,2907523.11,"2907523.11,13986179.150000002,16893702.26"
United States of America,25029830.165000007,22034289.5,2995540.664999999,"2995540.664999999,0,2995540.664999999"