Orders.Region,Sum(Orders.Quantity),,Sum(Orders.Profit)
West,12266,"12266,0,12266",108418.44890000026
East,10618,"10618,12266,22884",91522.77999999982
Central,8780,"8780,22884,31664",39706.362499999945
South,6209,"6209,31664,37873",46749.43029999976