Orders.Region,Sum(Orders.Quantity),Sum(Orders.Profit),
West,12266,108418.44890000026,"12266,0,12266"
East,10618,91522.77999999982,"10618,12266,22884"
Central,8780,39706.362499999945,"8780,22884,31664"
South,6209,46749.43029999976,"6209,31664,37873"