financials.Country,Sum(financials. Sales),Sum(financials.COGS),Sum(financials.Discounts)
United States of America,25029830.165000007,22034289.5,2239527.8350000004
Canada,24887654.88499999,21358426,2044508.6150000012
France,24354172.28000001,20573151.5,1727502.22
Germany,23505340.820000004,19824952,1416126.6800000004
Mexico,20949352.109999992,18041829,1777582.8900000006