financials.Country,Sum(financials. Sales),Sum(financials.COGS),Sum(financials.Gross Sales),
Canada,24887654.88499999,21358426,26932163.5,"24887654.88499999,25029830.165000007,49917485.05"
France,24354172.28000001,20573151.5,26081674.5,"24354172.28000001,49917485.05,74271657.33000001"
Germany,23505340.820000004,19824952,24921467.5,"23505340.820000004,74271657.33000001,97776998.15000002"
Mexico,20949352.109999992,18041829,22726935,"20949352.109999992,97776998.15000002,118726350.26000002"
United States of America,25029830.165000007,22034289.5,27269358,"25029830.165000007,0,25029830.165000007"