financials.Country,Sum(financials. Sales),Sum(financials.Profit),
United States of America,25029830.165000003,2995540.665,"25029830.165000003,0,25029830.165000003"
Canada,24887654.884999998,3529228.885,"24887654.884999998,25029830.165000003,49917485.05"
France,24354172.279999997,3781020.78,"24354172.279999997,49917485.05,74271657.33"
Germany,23505340.82,3680388.8200000003,"23505340.82,74271657.33,97776998.15"
Mexico,20949352.11,2907523.11,"20949352.11,97776998.15,118726350.26"