financials.Country,Sum(financials. Sales),Sum(financials.Profit),Sum(financials.Discounts),
Canada,24887654.88499999,3529228.8850000016,2044508.6150000012,"2044508.6150000012,2239527.8350000004,4284036.450000001"
France,24354172.28000001,3781020.7800000003,1727502.22,"1727502.22,4284036.450000001,6011538.670000001"
Germany,23505340.820000004,3680388.8200000008,1416126.6800000004,"1416126.6800000004,6011538.670000001,7427665.3500000015"
Mexico,20949352.109999992,2907523.11,1777582.8900000006,"1777582.8900000006,7427665.3500000015,9205248.240000002"
United States of America,25029830.165000007,2995540.664999999,2239527.8350000004,"2239527.8350000004,0,2239527.8350000004"