financials.Country,Sum(financials. Sales),Sum(financials.COGS),Sum(financials.Profit),Sum(financials.Units Sold),
Canada,24887654.88499999,21358426,3529228.8850000016,247428.5,"24887654.88499999,25029830.165000007,49917485.05"
France,24354172.28000001,20573151.5,3781020.7800000003,240931,"24354172.28000001,49917485.05,74271657.33000001"
Germany,23505340.820000004,19824952,3680388.8200000008,201494,"23505340.820000004,74271657.33000001,97776998.15000002"
Mexico,20949352.109999992,18041829,2907523.11,203325,"20949352.109999992,97776998.15000002,118726350.26000002"
United States of America,25029830.165000007,22034289.5,2995540.664999999,232627.5,"25029830.165000007,0,25029830.165000007"