financials.Country,Sum(financials.Gross Sales),,Sum(financials.COGS),Sum(financials. Sales)
United States of America,27269358,"25029830.165000007,0,25029830.165000007",22034289.5,25029830.165000007
Canada,26932163.5,"24887654.88499999,25029830.165000007,49917485.05",21358426,24887654.88499999
France,26081674.5,"24354172.28000001,49917485.05,74271657.33000001",20573151.5,24354172.28000001
Germany,24921467.5,"23505340.820000004,74271657.33000001,97776998.15000002",19824952,23505340.820000004
Mexico,22726935,"20949352.109999992,97776998.15000002,118726350.26000002",18041829,20949352.109999992