financials.Country,Sum(financials. Sales),
United States of America,25029830.165000007,"25029830.165000007,0,25029830.165000007"
Canada,24887654.88499999,"24887654.88499999,25029830.165000007,49917485.05"
France,24354172.28000001,"24354172.28000001,49917485.05,74271657.33000001"
Germany,23505340.820000004,"23505340.820000004,74271657.33000001,97776998.15000002"
Mexico,20949352.109999992,"20949352.109999992,97776998.15000002,118726350.26000002"