financials.Segment,Sum(financials. Sales),
Government,52504260.67000005,"52504260.67000005,0,52504260.67000005"
Small Business,42427918.5,"42427918.5,52504260.67000005,94932179.17000005"
Enterprise,19611694.375,"19611694.375,94932179.17000005,114543873.54500005"
Midmarket,2381883.0749999997,"2381883.0749999997,114543873.54500005,116925756.62000005"
Channel Partners,1800593.6399999997,"1800593.6399999997,116925756.62000005,118726350.26000005"