financials.Country,blank-axis-row,Sum(financials. Sales),
Canada,(Blank),24887654.88499999,"24887654.88499999,0,24887654.88499999"
France,(Blank),24354172.28000001,"24354172.28000001,0,24354172.28000001"
Germany,(Blank),23505340.820000004,"23505340.820000004,0,23505340.820000004"
Mexico,(Blank),20949352.109999992,"20949352.109999992,0,20949352.109999992"
United States of America,(Blank),25029830.165000007,"25029830.165000007,0,25029830.165000007"