financials.Segment,Sum(financials. Sales),Sum(financials.COGS),Sum(financials.Discounts),Sum(financials.Month Number),
Government,52504260.67000005,41116087.5,3898805.8299999973,2370,"52504260.67000005,0,52504260.67000005"
Small Business,42427918.5,38284750,3513781.5,790,"42427918.5,52504260.67000005,94932179.17000005"
Enterprise,19611694.375,20226240,1457305.625,790,"19611694.375,94932179.17000005,114543873.54500005"
Midmarket,2381883.0749999997,1721780,200786.92500000002,790,"2381883.0749999997,114543873.54500005,116925756.62000005"
Channel Partners,1800593.6399999997,483790.5,134568.36000000004,790,"1800593.6399999997,116925756.62000005,118726350.26000005"