financials.Discount Band,financials.Country,Sum(financials. Sales),,Sum(financials.Profit)
High,United States of America,11140926.280000001,"11140926.280000001,0,11140926.280000001",866326.7800000001
High,Canada,8657237.659999998,"8657237.659999998,11140926.280000001,19798163.939999998",911261.1599999999
High,France,5865834.735,"5865834.735,26627857.63,32493692.365",535982.735
High,Germany,4878794.360000001,"4878794.360000001,32493692.365,37372486.725",424957.35999999987
High,Mexico,6829693.690000001,"6829693.690000001,19798163.939999998,26627857.63",650338.6900000002
Low,United States of America,6273404.135000001,"6273404.135000001,16854507.450000003,23127911.585000005",1147004.1349999998
Low,Canada,6537899.370000001,"6537899.370000001,10316608.08,16854507.450000003",1140580.3699999999
Low,France,5913163.185,"5913163.185,23127911.585000005,29041074.770000003",1061776.1849999998
Low,Germany,10316608.08,"10316608.08,0,10316608.08",1847355.0800000003
Low,Mexico,5588703.93,"5588703.93,29041074.770000003,34629778.7",992141.93
Medium,United States of America,7168350.749999999,"7168350.749999999,25788050.205,32956400.955",912328.75
Medium,Canada,7865428.355,"7865428.355,10057889.36,17923317.715",1093780.855
Medium,France,10057889.36,"10057889.36,0,10057889.36",1619256.8599999999
Medium,Germany,5824029.879999998,"5824029.879999998,32956400.955,38780430.83499999",823095.88
Medium,Mexico,7864732.489999999,"7864732.489999999,17923317.715,25788050.205",1131060.4899999995
None,United States of America,447149,"447149,7496505,7943654",69881
None,Canada,1827089.5,"1827089.5,5003193.5,6830283",383606.5
None,France,2517285,"2517285,0,2517285",564005
None,Germany,2485908.5,"2485908.5,2517285,5003193.5",584980.5
None,Mexico,666222,"666222,6830283,7496505",133982